airline,date_of_journey,source,destination,dep_time,arrival_time,duration,total_stops,additional_info,price
Jet Airways,2019-03-24,Kolkata,Banglore,21:10:00,08:10:00,660,1.0,In-flight meal not included,11134
Spicejet,2019-03-03,Kolkata,Banglore,17:15:00,19:45:00,150,0.0,No Info,6251
Indigo,2019-05-21,Mumbai,Hyderabad,09:10:00,10:40:00,90,0.0,No Info,4049
Multiple Carriers,2019-05-15,Delhi,Cochin,13:00:00,01:30:00,750,1.0,No Info,13727
Jet Airways,2019-06-03,Delhi,Cochin,19:15:00,19:00:00,1425,1.0,No Info,14714
Jet Airways,2019-05-18,Kolkata,Banglore,18:55:00,16:20:00,1285,1.0,In-flight meal not included,10844
Goair,2019-04-03,Delhi,Cochin,07:25:00,13:35:00,370,1.0,No Info,4106
Indigo,2019-05-18,Banglore,Delhi,18:55:00,21:50:00,175,0.0,No Info,4823
Jet Airways,2019-03-27,Delhi,Cochin,05:10:00,18:50:00,820,2.0,In-flight meal not included,8728
Multiple Carriers,2019-03-27,Delhi,Cochin,15:05:00,01:35:00,630,1.0,No Info,12327
Air India,2019-06-06,Kolkata,Banglore,10:00:00,05:25:00,1165,2.0,No Info,12009
Jet Airways,2019-05-06,Kolkata,Banglore,06:30:00,16:20:00,590,1.0,In-flight meal not included,10844
Indigo,2019-06-12,Kolkata,Banglore,19:20:00,23:45:00,265,1.0,No Info,3574
Vistara,2019-03-09,Banglore,New Delhi,09:50:00,12:35:00,165,0.0,No Info,7240
Indigo,2019-04-15,Kolkata,Banglore,15:30:00,18:05:00,155,0.0,No Info,4174
Indigo,2019-06-09,Delhi,Cochin,04:55:00,21:00:00,965,1.0,No Info,6093
Jet Airways,2019-03-01,Banglore,New Delhi,07:00:00,15:15:00,495,1.0,No Info,26890
Indigo,2019-06-03,Chennai,Kolkata,14:45:00,17:05:00,140,0.0,No Info,3597
Jet Airways,2019-05-15,Kolkata,Banglore,21:10:00,08:15:00,665,1.0,No Info,14388
Jet Airways,2019-05-18,Delhi,Cochin,05:30:00,04:25:00,1375,2.0,No Info,15129
Jet Airways,2019-04-01,Kolkata,Banglore,06:30:00,18:15:00,705,1.0,No Info,12681
Air India,2019-03-21,Mumbai,Hyderabad,13:55:00,15:25:00,90,0.0,No Info,3100
Air India,2019-03-18,Delhi,Cochin,14:10:00,17:10:00,180,0.0,No Info,5674
Jet Airways,2019-05-27,Banglore,Delhi,07:10:00,10:10:00,180,0.0,In-flight meal not included,4030
Jet Airways,2019-05-18,Kolkata,Banglore,18:55:00,09:20:00,865,1.0,No Info,14388
Indigo,2019-03-27,Delhi,Cochin,06:40:00,22:20:00,940,1.0,No Info,6442
Vistara,2019-06-15,Banglore,Delhi,09:45:00,12:35:00,170,0.0,No Info,4878
Jet Airways,2019-06-09,Kolkata,Banglore,18:55:00,18:15:00,1400,1.0,In-flight meal not included,10844
Jet Airways,2019-05-09,Banglore,Delhi,08:20:00,11:20:00,180,0.0,In-flight meal not included,4544
Jet Airways,2019-05-06,Kolkata,Banglore,06:30:00,16:20:00,590,1.0,No Info,14781
Jet Airways,2019-06-09,Delhi,Cochin,05:30:00,12:35:00,425,2.0,No Info,14441
Indigo,2019-05-06,Kolkata,Banglore,07:10:00,12:40:00,330,1.0,No Info,4864
Jet Airways,2019-05-18,Kolkata,Banglore,20:00:00,08:15:00,735,1.0,In-flight meal not included,8586
Jet Airways,2019-04-27,Banglore,Delhi,19:50:00,22:50:00,180,0.0,In-flight meal not included,4544
Jet Airways,2019-05-18,Kolkata,Banglore,14:05:00,22:35:00,510,1.0,In-flight meal not included,10844
Jet Airways,2019-06-27,Delhi,Cochin,21:25:00,19:00:00,1295,2.0,No Info,13292
Air India,2019-05-01,Kolkata,Banglore,05:50:00,20:25:00,875,2.0,No Info,10991
Jet Airways,2019-03-03,Delhi,Cochin,18:20:00,18:50:00,1470,2.0,No Info,20747
Air India,2019-03-18,Banglore,New Delhi,11:05:00,22:10:00,665,2.0,No Info,10846
Multiple Carriers,2019-06-06,Delhi,Cochin,13:00:00,01:30:00,750,1.0,No Info,7198
Spicejet,2019-04-12,Banglore,Delhi,05:55:00,08:35:00,160,0.0,No check-in baggage included,4319
Jet Airways,2019-05-03,Banglore,Delhi,08:20:00,11:20:00,180,0.0,No Info,7229
Multiple Carriers,2019-06-12,Delhi,Cochin,10:00:00,01:30:00,930,1.0,No Info,7198
Jet Airways,2019-04-18,Banglore,Delhi,06:00:00,08:45:00,165,0.0,No Info,7229
Jet Airways,2019-03-06,Banglore,New Delhi,21:25:00,11:25:00,840,1.0,No Info,17261
Jet Airways,2019-05-24,Kolkata,Banglore,18:55:00,10:05:00,910,1.0,In-flight meal not included,8586
Jet Airways,2019-04-01,Kolkata,Banglore,16:30:00,19:50:00,1640,1.0,No Info,12681
Jet Airways,2019-06-03,Delhi,Cochin,20:55:00,12:35:00,940,1.0,No Info,14714
Air India,2019-05-18,Kolkata,Banglore,08:20:00,21:50:00,810,2.0,No Info,10697
Jet Airways,2019-04-09,Banglore,Delhi,19:50:00,22:50:00,180,0.0,In-flight meal not included,4544
Indigo,2019-06-01,Delhi,Cochin,09:15:00,21:00:00,705,1.0,No Info,7258
Air India,2019-06-06,Kolkata,Banglore,08:20:00,07:55:00,1415,2.0,No Info,10697
Air India,2019-03-01,Banglore,New Delhi,08:50:00,23:25:00,875,2.0,1 Short layover,26743
Indigo,2019-03-09,Chennai,Kolkata,13:20:00,15:35:00,135,0.0,No Info,6297
Jet Airways,2019-05-27,Mumbai,Hyderabad,02:55:00,04:20:00,85,0.0,In-flight meal not included,4050
Air India,2019-05-06,Kolkata,Banglore,09:50:00,08:55:00,1385,2.0,No Info,13227
Multiple Carriers,2019-06-09,Delhi,Cochin,13:00:00,21:00:00,480,1.0,No Info,7408
Jet Airways,2019-05-09,Delhi,Cochin,19:45:00,19:00:00,1395,1.0,In-flight meal not included,12373
Air Asia,2019-03-18,Kolkata,Banglore,22:50:00,01:20:00,150,0.0,No Info,4082
Indigo,2019-03-24,Chennai,Kolkata,07:55:00,10:15:00,140,0.0,No Info,4326
Jet Airways,2019-03-18,Mumbai,Hyderabad,07:10:00,08:35:00,85,0.0,In-flight meal not included,4995
Jet Airways,2019-06-06,Mumbai,Hyderabad,19:35:00,21:05:00,90,0.0,In-flight meal not included,3210
Indigo,2019-05-03,Mumbai,Hyderabad,02:35:00,04:05:00,90,0.0,No Info,2754
Indigo,2019-03-24,Banglore,New Delhi,10:10:00,13:00:00,170,0.0,No Info,10067
Multiple Carriers,2019-06-24,Delhi,Cochin,07:30:00,19:15:00,705,1.0,No Info,9001
Air India,2019-04-18,Delhi,Cochin,14:10:00,17:10:00,180,0.0,No Info,6094
Jet Airways,2019-05-18,Delhi,Cochin,14:00:00,19:00:00,300,1.0,In-flight meal not included,12373
Multiple Carriers,2019-05-27,Delhi,Cochin,07:00:00,21:00:00,840,1.0,No Info,7618
Air India,2019-05-18,Delhi,Cochin,05:15:00,19:15:00,2280,3.0,No Info,10703
Multiple Carriers,2019-06-12,Delhi,Cochin,11:25:00,19:00:00,455,1.0,No Info,10877
Jet Airways,2019-05-06,Kolkata,Banglore,08:25:00,18:15:00,590,1.0,No Info,14781
Indigo,2019-05-21,Kolkata,Banglore,17:35:00,22:15:00,280,1.0,No Info,5386
Spicejet,2019-04-03,Mumbai,Hyderabad,13:15:00,14:45:00,90,0.0,No Info,2017
Jet Airways,2019-06-12,Delhi,Cochin,05:30:00,19:00:00,810,2.0,No Info,13292
Air India,2019-06-01,Delhi,Cochin,12:00:00,07:40:00,1180,2.0,No Info,10966
Air Asia,2019-05-15,Delhi,Cochin,16:45:00,07:10:00,865,1.0,No Info,6752
Multiple Carriers,2019-05-27,Delhi,Cochin,14:00:00,01:30:00,690,1.0,In-flight meal not included,6943
Air India,2019-03-09,Delhi,Cochin,08:40:00,19:15:00,635,1.0,No Info,18959
Jet Airways,2019-06-15,Delhi,Cochin,18:25:00,12:35:00,1090,2.0,No Info,14237
Air India,2019-06-03,Delhi,Cochin,19:45:00,19:15:00,1410,2.0,No Info,10441
Spicejet,2019-04-21,Delhi,Cochin,15:45:00,22:05:00,380,1.0,No Info,6749
Indigo,2019-05-18,Chennai,Kolkata,15:40:00,18:25:00,165,0.0,No Info,3850
Jet Airways,2019-05-01,Banglore,Delhi,08:20:00,11:20:00,180,0.0,In-flight meal not included,5198
Jet Airways,2019-05-01,Kolkata,Banglore,14:05:00,09:20:00,1155,1.0,In-flight meal not included,9663
Jet Airways,2019-03-09,Delhi,Cochin,15:05:00,04:25:00,800,1.0,In-flight meal not included,14053
Jet Airways,2019-06-21,Mumbai,Hyderabad,10:20:00,11:50:00,90,0.0,In-flight meal not included,4995
Air India,2019-03-01,Banglore,New Delhi,08:50:00,09:25:00,1475,2.0,No Info,25430
Jet Airways,2019-05-27,Delhi,Cochin,20:55:00,12:35:00,940,1.0,In-flight meal not included,12898
Multiple Carriers,2019-06-09,Delhi,Cochin,19:00:00,01:30:00,390,1.0,No Info,7530
Jet Airways,2019-06-03,Delhi,Cochin,11:30:00,12:35:00,1505,1.0,In-flight meal not included,10262
Jet Airways,2019-06-06,Kolkata,Banglore,16:30:00,04:40:00,730,1.0,In-flight meal not included,6812
Indigo,2019-03-09,Delhi,Cochin,07:35:00,12:00:00,265,1.0,No Info,6937
Air India,2019-05-15,Kolkata,Banglore,07:00:00,05:25:00,1345,2.0,No Info,14424
Jet Airways,2019-05-15,Kolkata,Banglore,09:35:00,19:10:00,575,1.0,In-flight meal not included,12384
Air India,2019-05-21,Delhi,Cochin,17:15:00,19:15:00,1560,2.0,No Info,11972
Air India,2019-05-12,Kolkata,Banglore,10:00:00,05:25:00,1165,2.0,No Info,14634
Jet Airways,2019-05-09,Delhi,Cochin,05:30:00,04:25:00,1375,2.0,No Info,15129
Indigo,2019-05-15,Delhi,Cochin,05:35:00,08:50:00,195,0.0,No Info,6015
Air India,2019-06-27,Banglore,Delhi,17:00:00,19:45:00,165,0.0,No Info,6961
Jet Airways,2019-03-06,Mumbai,Hyderabad,07:10:00,08:35:00,85,0.0,No Info,9536
Indigo,2019-06-06,Delhi,Cochin,07:35:00,12:10:00,275,1.0,No Info,5458
Multiple Carriers,2019-05-01,Delhi,Cochin,07:30:00,19:00:00,690,1.0,No Info,9794
Jet Airways,2019-05-06,Kolkata,Banglore,21:10:00,12:00:00,890,1.0,In-flight meal not included,9663
Air Asia,2019-05-21,Kolkata,Banglore,22:50:00,01:20:00,150,0.0,No Info,4107
Indigo,2019-05-06,Kolkata,Banglore,22:15:00,00:50:00,155,0.0,No Info,4804
Indigo,2019-03-24,Banglore,New Delhi,21:20:00,00:15:00,175,0.0,No Info,4777
Air India,2019-03-21,Delhi,Cochin,13:20:00,19:15:00,1795,2.0,No Info,8708
Indigo,2019-04-06,Banglore,Delhi,07:10:00,10:05:00,175,0.0,No Info,4823
Multiple Carriers,2019-06-06,Delhi,Cochin,15:05:00,01:30:00,625,2.0,No Info,15965
Spicejet,2019-03-24,Banglore,New Delhi,05:45:00,08:35:00,170,0.0,No Info,4377
Jet Airways,2019-06-27,Banglore,Delhi,11:10:00,14:05:00,175,0.0,No Info,8016
Air India,2019-06-15,Delhi,Cochin,13:20:00,07:40:00,1100,2.0,No Info,12121
Jet Airways,2019-05-27,Delhi,Cochin,23:05:00,12:35:00,810,2.0,No Info,15129
Jet Airways,2019-06-06,Kolkata,Banglore,14:05:00,23:35:00,570,1.0,In-flight meal not included,10844
Indigo,2019-03-06,Kolkata,Banglore,21:25:00,00:05:00,160,0.0,No Info,4778
Air India,2019-04-01,Kolkata,Banglore,12:00:00,21:50:00,590,2.0,No Info,9258
Indigo,2019-04-24,Kolkata,Banglore,19:20:00,23:45:00,265,1.0,No Info,3480
Indigo,2019-06-06,Kolkata,Banglore,10:30:00,16:05:00,335,1.0,No Info,6301
Jet Airways,2019-05-27,Delhi,Cochin,16:00:00,12:35:00,1235,1.0,In-flight meal not included,12898
Air India,2019-03-24,Kolkata,Banglore,09:25:00,18:30:00,545,1.0,No Info,10493
Jet Airways,2019-05-09,Banglore,Delhi,18:55:00,22:00:00,185,0.0,In-flight meal not included,3702
Jet Airways,2019-03-27,Delhi,Cochin,17:30:00,04:25:00,655,1.0,In-flight meal not included,6540
Multiple Carriers,2019-05-21,Delhi,Cochin,08:30:00,19:00:00,630,1.0,No Info,9627
Air India,2019-03-09,Delhi,Cochin,05:55:00,19:15:00,800,2.0,No Info,18736
Jet Airways,2019-03-24,Kolkata,Banglore,16:55:00,19:40:00,1605,1.0,In-flight meal not included,11134
Indigo,2019-05-21,Chennai,Kolkata,07:55:00,10:15:00,140,0.0,No Info,3850
Jet Airways,2019-06-12,Delhi,Cochin,14:35:00,04:25:00,830,2.0,In-flight meal not included,10919
Air India,2019-05-21,Delhi,Cochin,12:00:00,07:40:00,1180,2.0,No Info,9653
Indigo,2019-06-09,Banglore,Delhi,08:30:00,11:20:00,170,0.0,No Info,4823
Jet Airways,2019-06-12,Kolkata,Banglore,21:10:00,04:40:00,450,1.0,No Info,12739
Jet Airways,2019-05-09,Delhi,Cochin,19:30:00,04:25:00,535,2.0,No Info,15129
Jet Airways,2019-04-09,Banglore,Delhi,07:10:00,10:10:00,180,0.0,No Info,7229
Jet Airways,2019-03-06,Banglore,New Delhi,14:05:00,07:40:00,1055,1.0,In-flight meal not included,13502
Multiple Carriers,2019-05-18,Delhi,Cochin,10:35:00,19:00:00,505,1.0,No Info,9627
Vistara,2019-05-24,Chennai,Kolkata,07:05:00,09:20:00,135,0.0,No Info,3687
Jet Airways,2019-05-21,Kolkata,Banglore,06:30:00,19:50:00,800,1.0,In-flight meal not included,10844
Air India,2019-03-18,Banglore,New Delhi,10:00:00,12:45:00,165,0.0,No Info,4441
Indigo,2019-03-24,Banglore,New Delhi,07:10:00,10:05:00,175,0.0,No Info,6144
Multiple Carriers,2019-06-15,Delhi,Cochin,10:20:00,19:15:00,535,1.0,No Info,9526
Indigo,2019-04-24,Banglore,Delhi,18:55:00,21:50:00,175,0.0,No Info,4823
Jet Airways,2019-03-15,Banglore,New Delhi,11:40:00,18:25:00,405,1.0,In-flight meal not included,9134
Jet Airways,2019-06-24,Delhi,Cochin,19:30:00,12:35:00,1025,2.0,No Info,13014
Multiple Carriers,2019-05-15,Delhi,Cochin,14:55:00,22:30:00,455,1.0,No Info,6513
Vistara,2019-06-01,Banglore,Delhi,17:00:00,19:35:00,155,0.0,No Info,4878
Jet Airways,2019-05-21,Delhi,Cochin,23:05:00,12:35:00,810,2.0,No Info,15129
Jet Airways,2019-03-06,Banglore,New Delhi,08:00:00,19:10:00,670,1.0,No Info,16736
Jet Airways,2019-06-24,Delhi,Cochin,02:15:00,12:35:00,620,1.0,In-flight meal not included,10262
Air India,2019-05-06,Kolkata,Banglore,05:50:00,13:15:00,445,2.0,No Info,7662
Indigo,2019-03-03,Delhi,Cochin,06:40:00,13:20:00,400,1.0,No Info,14871
Air Asia,2019-03-21,Kolkata,Banglore,10:20:00,12:55:00,155,0.0,No Info,4082
Jet Airways,2019-06-03,Banglore,Delhi,18:55:00,22:00:00,185,0.0,No Info,8016
Jet Airways,2019-06-12,Kolkata,Banglore,06:30:00,04:40:00,1330,1.0,No Info,12739
Multiple Carriers,2019-03-06,Delhi,Cochin,08:00:00,15:30:00,450,1.0,No Info,15078
Spicejet,2019-04-03,Delhi,Cochin,08:45:00,13:15:00,270,1.0,No check-in baggage included,4098
Jet Airways,2019-05-18,Delhi,Cochin,14:35:00,04:25:00,830,2.0,In-flight meal not included,13848
Spicejet,2019-03-18,Mumbai,Hyderabad,13:10:00,14:30:00,80,0.0,No Info,2437
Jet Airways,2019-05-24,Kolkata,Banglore,14:05:00,22:35:00,510,1.0,No Info,14571
Indigo,2019-05-09,Banglore,Delhi,04:00:00,06:50:00,170,0.0,No Info,3943
Multiple Carriers,2019-06-12,Delhi,Cochin,08:00:00,21:00:00,780,1.0,No Info,13797
Indigo,2019-06-03,Delhi,Cochin,06:50:00,16:10:00,560,1.0,No Info,7514
Multiple Carriers,2019-05-06,Delhi,Cochin,09:00:00,19:00:00,600,1.0,No Info,10407
Multiple Carriers,2019-03-06,Delhi,Cochin,07:30:00,21:00:00,810,1.0,No Info,15147
Vistara,2019-05-06,Chennai,Kolkata,07:05:00,09:20:00,135,0.0,No Info,3687
Vistara,2019-03-01,Banglore,New Delhi,06:40:00,10:25:00,1665,1.0,No Info,12371
Vistara,2019-05-15,Banglore,Delhi,17:00:00,19:35:00,155,0.0,No Info,4878
Air India,2019-05-21,Delhi,Cochin,05:00:00,19:15:00,2295,2.0,No Info,9968
Multiple Carriers,2019-05-09,Delhi,Cochin,11:25:00,19:00:00,455,1.0,No Info,9103
Air Asia,2019-06-01,Kolkata,Banglore,10:20:00,12:55:00,155,0.0,No Info,4409
Spicejet,2019-03-06,Mumbai,Hyderabad,05:45:00,07:05:00,80,0.0,No Info,4129
Indigo,2019-06-27,Delhi,Cochin,17:10:00,01:30:00,500,1.0,No Info,5684
Jet Airways,2019-03-09,Delhi,Cochin,05:40:00,04:25:00,1365,2.0,No Info,14861
Air India,2019-05-21,Kolkata,Banglore,14:35:00,14:35:00,1440,1.0,No Info,6528
Indigo,2019-03-09,Chennai,Kolkata,22:05:00,00:25:00,140,0.0,No Info,6297
Air India,2019-06-01,Mumbai,Hyderabad,21:05:00,22:25:00,80,0.0,No Info,3100
Jet Airways,2019-05-01,Banglore,Delhi,15:15:00,18:10:00,175,0.0,In-flight meal not included,4544
Air India,2019-06-27,Delhi,Cochin,18:45:00,19:15:00,1470,2.0,No Info,11942
Jet Airways,2019-03-12,Banglore,New Delhi,22:55:00,15:15:00,980,1.0,In-flight meal not included,11087
Multiple Carriers,2019-05-21,Delhi,Cochin,02:15:00,11:50:00,575,1.0,No Info,14067
Jet Airways,2019-06-09,Kolkata,Banglore,10:20:00,17:35:00,435,1.0,In-flight meal not included,5608
Jet Airways,2019-03-15,Banglore,New Delhi,08:00:00,15:15:00,435,1.0,In-flight meal not included,9134
Air India,2019-03-01,Banglore,New Delhi,17:00:00,23:10:00,370,1.0,No Info,11628
Jet Airways,2019-05-12,Kolkata,Banglore,18:55:00,09:20:00,865,1.0,In-flight meal not included,9663
Indigo,2019-03-01,Banglore,New Delhi,22:20:00,01:10:00,170,0.0,No Info,11934
Multiple Carriers,2019-05-15,Delhi,Cochin,17:30:00,01:30:00,480,1.0,No Info,13727
Indigo,2019-04-15,Kolkata,Banglore,22:15:00,00:50:00,155,0.0,No Info,4174
Air India,2019-05-15,Delhi,Cochin,10:00:00,19:15:00,555,1.0,No Info,8372
Multiple Carriers,2019-06-06,Delhi,Cochin,10:00:00,01:30:00,930,1.0,No Info,7723
Spicejet,2019-05-09,Kolkata,Banglore,11:35:00,18:50:00,435,1.0,No Info,8479
Indigo,2019-03-03,Banglore,New Delhi,22:20:00,01:10:00,170,0.0,No Info,7648
Air India,2019-04-24,Banglore,Delhi,21:05:00,23:55:00,170,0.0,No Info,5228
Spicejet,2019-05-27,Chennai,Kolkata,08:20:00,10:35:00,135,0.0,No check-in baggage included,3543
Air India,2019-06-15,Delhi,Cochin,12:55:00,19:15:00,1820,2.0,No Info,12646
Jet Airways,2019-03-24,Kolkata,Banglore,06:30:00,16:20:00,590,1.0,In-flight meal not included,8824
Jet Airways,2019-05-15,Kolkata,Banglore,17:00:00,14:25:00,1285,1.0,No Info,11467
Jet Airways,2019-03-24,Mumbai,Hyderabad,10:20:00,11:50:00,90,0.0,No Info,5678
Vistara,2019-05-15,Chennai,Kolkata,17:45:00,20:05:00,140,0.0,No Info,11982
Jet Airways,2019-05-24,Banglore,Delhi,17:45:00,20:45:00,180,0.0,No Info,7229
Jet Airways,2019-03-09,Delhi,Cochin,17:25:00,18:50:00,1525,1.0,In-flight meal not included,14053
Indigo,2019-06-21,Banglore,Delhi,08:30:00,11:20:00,170,0.0,No Info,4823
Jet Airways,2019-06-06,Kolkata,Banglore,20:25:00,23:35:00,1630,1.0,No Info,14151
Indigo,2019-05-09,Delhi,Cochin,14:25:00,17:40:00,195,0.0,No Info,6015
Multiple Carriers,2019-03-06,Delhi,Cochin,10:00:00,18:50:00,530,1.0,No Info,16497
Jet Airways,2019-03-06,Banglore,New Delhi,07:00:00,18:25:00,685,1.0,No Info,16736
Indigo,2019-06-06,Chennai,Kolkata,07:55:00,10:15:00,140,0.0,No Info,3850
Jet Airways,2019-05-21,Banglore,Delhi,15:50:00,18:45:00,175,0.0,No Info,7229
Jet Airways,2019-05-06,Kolkata,Banglore,17:00:00,18:00:00,1500,1.0,No Info,11467
Jet Airways,2019-05-24,Kolkata,Banglore,08:25:00,19:50:00,685,1.0,No Info,14571
Spicejet,2019-04-21,Kolkata,Banglore,22:20:00,00:40:00,140,0.0,No Info,4911
Jet Airways,2019-03-01,Banglore,New Delhi,07:00:00,05:05:00,1325,1.0,No Info,26890
Spicejet,2019-06-15,Mumbai,Hyderabad,13:15:00,14:45:00,90,0.0,No check-in baggage included,1965
Indigo,2019-03-27,Delhi,Cochin,16:10:00,22:20:00,370,1.0,No Info,6412
Jet Airways,2019-05-12,Kolkata,Banglore,16:30:00,12:00:00,1170,1.0,In-flight meal not included,10844
Jet Airways,2019-03-21,Delhi,Cochin,13:00:00,18:50:00,1790,2.0,No Info,13082
Jet Airways,2019-03-03,Delhi,Cochin,05:25:00,18:50:00,2245,2.0,No Info,18799
Multiple Carriers,2019-05-18,Delhi,Cochin,08:00:00,21:00:00,780,1.0,No Info,13727
Jet Airways,2019-03-18,Banglore,New Delhi,07:00:00,12:25:00,325,1.0,No Info,12284
Jet Airways,2019-06-03,Delhi,Cochin,22:50:00,04:25:00,335,1.0,In-flight meal not included,10262
Jet Airways,2019-03-09,Delhi,Cochin,20:10:00,04:25:00,495,2.0,No Info,20904
Indigo,2019-06-03,Mumbai,Hyderabad,01:40:00,03:10:00,90,0.0,No Info,2754
Indigo,2019-03-21,Delhi,Cochin,09:10:00,21:00:00,710,1.0,No Info,8285
Vistara,2019-04-03,Banglore,Delhi,11:30:00,14:20:00,170,0.0,No Info,5403
Indigo,2019-04-09,Kolkata,Banglore,19:20:00,23:45:00,265,1.0,No Info,3574
Vistara,2019-04-01,Kolkata,Banglore,07:10:00,22:55:00,945,1.0,No Info,8295
Multiple Carriers,2019-05-27,Delhi,Cochin,10:20:00,19:00:00,520,1.0,No Info,9794
Multiple Carriers,2019-05-27,Delhi,Cochin,10:00:00,01:30:00,930,1.0,No Info,9508
Jet Airways,2019-05-06,Kolkata,Banglore,20:00:00,12:00:00,960,1.0,In-flight meal not included,9663
Jet Airways,2019-05-27,Delhi,Cochin,13:25:00,04:25:00,900,2.0,No Info,16704
Multiple Carriers,2019-03-03,Delhi,Cochin,13:00:00,01:35:00,755,1.0,No Info,17493
Multiple Carriers,2019-04-09,Delhi,Cochin,17:30:00,01:30:00,480,1.0,No Info,13017
Multiple Carriers,2019-03-27,Delhi,Cochin,04:00:00,13:20:00,560,1.0,No Info,6305
Air India,2019-06-09,Kolkata,Banglore,12:00:00,11:10:00,1390,2.0,No Info,10151
Air India,2019-05-09,Banglore,Delhi,21:05:00,23:55:00,170,0.0,No Info,6121
Spicejet,2019-04-12,Kolkata,Banglore,09:00:00,11:25:00,145,0.0,No check-in baggage included,3841
Indigo,2019-03-21,Delhi,Cochin,02:00:00,07:45:00,345,1.0,No Info,6426
Jet Airways,2019-06-06,Delhi,Cochin,09:40:00,04:25:00,1125,2.0,No Info,13014
Air India,2019-05-21,Banglore,Delhi,17:00:00,19:50:00,170,0.0,No Info,6961
Jet Airways,2019-05-12,Banglore,Delhi,19:50:00,22:50:00,180,0.0,No Info,7229
Jet Airways,2019-03-27,Delhi,Cochin,19:45:00,19:45:00,1440,1.0,In-flight meal not included,5963
Indigo,2019-03-27,Delhi,Cochin,18:35:00,01:35:00,420,1.0,No Info,8574
Goair,2019-03-15,Banglore,New Delhi,20:55:00,23:50:00,175,0.0,No Info,8722
Jet Airways,2019-04-09,Banglore,Delhi,06:00:00,08:45:00,165,0.0,In-flight meal not included,4544
Multiple Carriers,2019-06-27,Delhi,Cochin,19:00:00,01:30:00,390,1.0,No Info,7198
Indigo,2019-05-18,Kolkata,Banglore,21:00:00,02:15:00,315,1.0,No Info,6534
Multiple Carriers,2019-06-03,Delhi,Cochin,07:05:00,22:30:00,925,1.0,No Info,10696
Spicejet,2019-04-27,Kolkata,Banglore,09:00:00,11:25:00,145,0.0,No Info,4174
Indigo,2019-04-03,Banglore,Delhi,00:30:00,03:25:00,175,0.0,No Info,3419
Indigo,2019-05-18,Mumbai,Hyderabad,21:20:00,22:50:00,90,0.0,No Info,2227
Jet Airways,2019-04-06,Banglore,Delhi,06:00:00,08:45:00,165,0.0,In-flight meal not included,4544
Air India,2019-03-15,Banglore,New Delhi,09:30:00,16:20:00,410,1.0,No Info,8714
Multiple Carriers,2019-05-18,Delhi,Cochin,08:30:00,19:00:00,630,1.0,No Info,9205
Indigo,2019-06-12,Chennai,Kolkata,14:45:00,17:05:00,140,0.0,No Info,3597
Jet Airways,2019-06-03,Delhi,Cochin,08:00:00,19:00:00,660,1.0,No Info,14924
Spicejet,2019-06-01,Chennai,Kolkata,08:20:00,10:35:00,135,0.0,No check-in baggage included,3543
Goair,2019-06-12,Banglore,Delhi,07:45:00,10:40:00,175,0.0,No Info,3419
Spicejet,2019-04-24,Delhi,Cochin,08:45:00,13:15:00,270,1.0,No check-in baggage included,4760
Spicejet,2019-05-24,Kolkata,Banglore,17:10:00,19:40:00,150,0.0,No Info,4174
Air India,2019-05-12,Kolkata,Banglore,09:50:00,23:15:00,805,3.0,No Info,14015
Indigo,2019-05-18,Banglore,Delhi,18:25:00,21:20:00,175,0.0,No Info,4823
Air India,2019-06-09,Delhi,Cochin,05:15:00,06:50:00,1535,1.0,No Info,6587
Indigo,2019-05-06,Kolkata,Banglore,21:00:00,02:15:00,315,1.0,No Info,7252
Air India,2019-03-24,Kolkata,Banglore,05:40:00,14:35:00,1975,2.0,No Info,11522
Jet Airways,2019-04-01,Kolkata,Banglore,16:30:00,23:35:00,425,1.0,In-flight meal not included,7064
Jet Airways,2019-05-18,Kolkata,Banglore,05:45:00,16:20:00,635,1.0,No Info,14781
Jet Airways,2019-06-09,Delhi,Cochin,09:40:00,19:00:00,560,2.0,No Info,13014
Air India,2019-03-24,Kolkata,Banglore,12:00:00,23:15:00,2115,3.0,No Info,14221
Indigo,2019-06-09,Delhi,Cochin,08:30:00,21:00:00,750,1.0,No Info,6838
Indigo,2019-06-06,Delhi,Cochin,16:00:00,21:00:00,300,1.0,No Info,6069
Jet Airways,2019-04-01,Kolkata,Banglore,20:00:00,22:35:00,1595,1.0,No Info,12681
Indigo,2019-06-03,Chennai,Kolkata,19:35:00,21:55:00,140,0.0,No Info,3597
Indigo,2019-04-03,Kolkata,Banglore,06:15:00,10:30:00,255,1.0,No Info,4226
Jet Airways,2019-05-18,Delhi,Cochin,08:00:00,04:25:00,1225,1.0,In-flight meal not included,12373
Indigo,2019-03-06,Delhi,Cochin,17:30:00,01:35:00,485,1.0,No Info,14871
Jet Airways,2019-03-24,Kolkata,Banglore,19:45:00,12:00:00,975,1.0,No Info,14231
Air Asia,2019-06-01,Delhi,Cochin,16:45:00,07:10:00,865,1.0,No Info,11410
Indigo,2019-05-24,Kolkata,Banglore,15:15:00,20:05:00,290,1.0,No Info,5192
Multiple Carriers,2019-06-27,Delhi,Cochin,19:00:00,01:30:00,390,1.0,No Info,6795
Indigo,2019-06-03,Mumbai,Hyderabad,06:25:00,07:55:00,90,0.0,No Info,4049
Jet Airways,2019-06-27,Delhi,Cochin,07:05:00,12:35:00,330,1.0,In-flight meal not included,10262
Jet Airways,2019-05-18,Kolkata,Banglore,16:30:00,08:15:00,945,1.0,In-flight meal not included,8586
Indigo,2019-05-09,Delhi,Cochin,04:55:00,21:00:00,965,1.0,No Info,6979
Spicejet,2019-04-24,Kolkata,Banglore,22:20:00,00:40:00,140,0.0,No check-in baggage included,3841
Jet Airways,2019-06-15,Delhi,Cochin,18:15:00,19:00:00,1485,1.0,In-flight meal not included,10262
Jet Airways,2019-06-15,Delhi,Cochin,09:40:00,04:25:00,1125,2.0,No Info,13014
Multiple Carriers,2019-03-21,Delhi,Cochin,09:00:00,15:30:00,390,1.0,No Info,8307
Air Asia,2019-06-09,Delhi,Cochin,07:55:00,15:45:00,470,1.0,No Info,8759
Jet Airways,2019-05-27,Delhi,Cochin,22:50:00,19:00:00,1210,1.0,No Info,16079
Indigo,2019-05-01,Mumbai,Hyderabad,19:05:00,20:35:00,90,0.0,No Info,2754
Jet Airways,2019-03-03,Mumbai,Hyderabad,07:10:00,08:35:00,85,0.0,No Info,5678
Jet Airways,2019-06-12,Kolkata,Banglore,14:05:00,19:50:00,345,1.0,In-flight meal not included,9899
Multiple Carriers,2019-03-03,Delhi,Cochin,06:40:00,18:50:00,730,1.0,No Info,15135
Multiple Carriers,2019-06-09,Delhi,Cochin,07:05:00,21:00:00,835,1.0,No Info,13587
Air India,2019-05-15,Delhi,Cochin,09:45:00,09:25:00,1420,1.0,No Info,7480
Jet Airways,2019-05-12,Kolkata,Banglore,20:00:00,08:15:00,735,1.0,No Info,13941
Air India,2019-06-09,Banglore,Delhi,13:20:00,16:10:00,170,0.0,No Info,6961
Indigo,2019-05-09,Delhi,Cochin,10:35:00,01:30:00,895,1.0,No Info,8330
Jet Airways,2019-03-21,Delhi,Cochin,10:45:00,18:50:00,485,2.0,No Info,11360
Jet Airways,2019-03-24,Mumbai,Hyderabad,15:50:00,17:20:00,90,0.0,No Info,5678
Multiple Carriers,2019-05-21,Delhi,Cochin,08:45:00,19:00:00,615,1.0,No Info,9794
Indigo,2019-06-24,Delhi,Cochin,11:55:00,22:30:00,635,1.0,No Info,6442
Indigo,2019-04-21,Kolkata,Banglore,09:35:00,12:20:00,165,0.0,No Info,4804
Jet Airways,2019-05-06,Kolkata,Banglore,20:00:00,09:20:00,800,1.0,In-flight meal not included,9663
Spicejet,2019-04-03,Kolkata,Banglore,09:00:00,11:25:00,145,0.0,No Info,3873
Air India,2019-03-21,Delhi,Cochin,05:10:00,08:00:00,170,0.0,No Info,5674
Spicejet,2019-03-18,Chennai,Kolkata,08:20:00,10:35:00,135,0.0,No check-in baggage included,3807
Air India,2019-03-15,Banglore,New Delhi,05:50:00,16:20:00,630,2.0,No Info,7664
Jet Airways,2019-06-18,Banglore,Delhi,17:45:00,20:45:00,180,0.0,No Info,8016
Jet Airways,2019-05-21,Kolkata,Banglore,20:25:00,14:25:00,1080,1.0,No Info,11467
Jet Airways,2019-06-09,Delhi,Cochin,15:00:00,04:25:00,805,1.0,In-flight meal not included,10262
Air India,2019-03-24,Banglore,New Delhi,17:00:00,19:45:00,165,0.0,No Info,5176
Indigo,2019-04-24,Kolkata,Banglore,21:25:00,00:05:00,160,0.0,No Info,4804
Air India,2019-03-24,Kolkata,Banglore,09:25:00,01:20:00,955,2.0,No Info,11853
Jet Airways,2019-03-21,Delhi,Cochin,19:15:00,18:50:00,1415,2.0,In-flight meal not included,8938
Indigo,2019-04-15,Kolkata,Banglore,21:25:00,00:05:00,160,0.0,No Info,4174
Air India,2019-03-03,Banglore,New Delhi,05:50:00,22:10:00,2420,2.0,No Info,11791
Jet Airways,2019-06-09,Kolkata,Banglore,20:00:00,04:40:00,520,1.0,In-flight meal not included,9663
Multiple Carriers,2019-03-03,Delhi,Cochin,07:00:00,21:00:00,840,1.0,No Info,15603
Indigo,2019-03-15,Banglore,New Delhi,21:20:00,00:15:00,175,0.0,No Info,8033
Indigo,2019-05-09,Delhi,Cochin,23:30:00,04:35:00,305,1.0,No Info,8177
Spicejet,2019-06-18,Mumbai,Hyderabad,22:45:00,00:15:00,90,0.0,No check-in baggage included,1965
Indigo,2019-06-21,Kolkata,Banglore,22:15:00,00:50:00,155,0.0,No Info,4804
Spicejet,2019-06-21,Mumbai,Hyderabad,05:45:00,07:15:00,90,0.0,No check-in baggage included,2647
Jet Airways,2019-05-18,Delhi,Cochin,20:55:00,04:25:00,450,1.0,In-flight meal not included,12373
Jet Airways,2019-04-01,Kolkata,Banglore,14:05:00,22:35:00,510,1.0,No Info,13364
Indigo,2019-06-01,Delhi,Cochin,06:50:00,12:10:00,320,1.0,No Info,5298
Spicejet,2019-03-09,Mumbai,Hyderabad,05:45:00,07:05:00,80,0.0,No Info,4391
Multiple Carriers,2019-06-24,Delhi,Cochin,12:50:00,19:15:00,385,1.0,In-flight meal not included,7268
Jet Airways,2019-06-09,Delhi,Cochin,09:25:00,04:25:00,1140,2.0,No Info,13882
Jet Airways,2019-06-03,Delhi,Cochin,14:00:00,12:35:00,1355,1.0,In-flight meal not included,10262
Jet Airways,2019-05-06,Kolkata,Banglore,17:00:00,23:35:00,395,1.0,In-flight meal not included,10703
Multiple Carriers,2019-05-27,Delhi,Cochin,10:00:00,01:30:00,930,1.0,In-flight meal not included,8925
Jet Airways,2019-03-21,Delhi,Cochin,13:00:00,18:50:00,350,1.0,In-flight meal not included,6540
Vistara,2019-05-18,Kolkata,Banglore,07:10:00,23:25:00,975,1.0,No Info,9345
Spicejet,2019-06-27,Mumbai,Hyderabad,13:15:00,14:45:00,90,0.0,No check-in baggage included,1965
Multiple Carriers,2019-03-27,Delhi,Cochin,13:00:00,01:35:00,755,1.0,No Info,6673
Air India,2019-03-21,Delhi,Cochin,09:45:00,09:25:00,1420,1.0,No Info,7532
Jet Airways,2019-05-01,Kolkata,Banglore,14:05:00,12:00:00,1315,1.0,In-flight meal not included,9663
Air India,2019-03-27,Delhi,Cochin,13:05:00,07:40:00,1115,2.0,No Info,8892
Multiple Carriers,2019-06-09,Delhi,Cochin,13:00:00,21:00:00,480,1.0,No Info,13587
Air India,2019-06-01,Delhi,Cochin,05:15:00,07:40:00,1585,3.0,No Info,12383
Air India,2019-05-27,Delhi,Cochin,12:20:00,19:15:00,1855,2.0,No Info,12488
Indigo,2019-03-03,Delhi,Cochin,15:00:00,01:35:00,635,1.0,No Info,14871
Air Asia,2019-06-24,Delhi,Cochin,07:55:00,13:25:00,330,1.0,No Info,6152
Jet Airways,2019-06-15,Delhi,Cochin,09:40:00,12:35:00,1615,2.0,No Info,13014
Jet Airways,2019-06-06,Delhi,Cochin,02:15:00,04:25:00,1570,1.0,In-flight meal not included,10262
Air India,2019-03-18,Banglore,New Delhi,08:50:00,10:35:00,1545,2.0,No Info,11885
Indigo,2019-04-15,Delhi,Cochin,17:05:00,22:15:00,310,1.0,No Info,5912
Jet Airways,2019-05-18,Kolkata,Banglore,18:55:00,20:45:00,1550,1.0,In-flight meal not included,10844
Jet Airways,2019-05-09,Kolkata,Banglore,06:30:00,18:15:00,705,1.0,In-flight meal not included,10844
Indigo,2019-03-01,Banglore,New Delhi,08:30:00,11:30:00,180,0.0,No Info,10067
Jet Airways,2019-03-18,Banglore,New Delhi,05:45:00,16:10:00,625,1.0,No Info,12284
Indigo,2019-05-24,Kolkata,Banglore,14:25:00,16:55:00,150,0.0,No Info,5224
Jet Airways,2019-03-27,Delhi,Cochin,17:30:00,19:45:00,1575,1.0,In-flight meal not included,5406
Indigo,2019-06-21,Chennai,Kolkata,05:15:00,07:40:00,145,0.0,No Info,3540
Jet Airways,2019-04-01,Kolkata,Banglore,18:55:00,19:50:00,1495,1.0,In-flight meal not included,7064
Air India,2019-06-15,Delhi,Cochin,09:45:00,23:00:00,795,1.0,No Info,8907
Air India,2019-05-15,Delhi,Cochin,17:15:00,07:40:00,865,2.0,No Info,13039
Vistara,2019-03-15,Banglore,New Delhi,06:40:00,10:25:00,1665,1.0,No Info,6590
Jet Airways,2019-06-15,Delhi,Cochin,13:00:00,04:25:00,925,1.0,In-flight meal not included,10262
Indigo,2019-06-03,Delhi,Cochin,17:10:00,01:30:00,500,1.0,No Info,6104
Air India,2019-06-09,Delhi,Cochin,10:55:00,19:15:00,500,2.0,No Info,12383
Goair,2019-04-15,Delhi,Cochin,10:35:00,19:35:00,540,1.0,No Info,5752
Indigo,2019-03-06,Delhi,Cochin,05:05:00,10:05:00,300,1.0,No Info,7894
Indigo,2019-03-18,Kolkata,Banglore,10:10:00,12:55:00,165,0.0,No Info,4462
Air India,2019-03-15,Mumbai,Hyderabad,21:05:00,22:25:00,80,0.0,No Info,3100
Indigo,2019-03-21,Delhi,Cochin,16:00:00,01:35:00,575,1.0,No Info,9264
Jet Airways,2019-05-18,Kolkata,Banglore,05:45:00,19:50:00,845,1.0,No Info,14781
Indigo,2019-06-06,Delhi,Cochin,05:05:00,12:10:00,425,1.0,No Info,6818
Indigo,2019-03-01,Banglore,New Delhi,16:15:00,20:35:00,260,1.0,No Info,7917
Jet Airways,2019-06-03,Delhi,Cochin,15:00:00,19:00:00,1680,1.0,In-flight meal not included,10262
Jet Airways,2019-03-06,Delhi,Cochin,05:25:00,19:45:00,2300,2.0,No Info,16914
Jet Airways,2019-04-01,Kolkata,Banglore,20:00:00,08:15:00,735,1.0,No Info,12681
Jet Airways,2019-06-03,Delhi,Cochin,09:40:00,19:00:00,560,2.0,No Info,13014
Jet Airways,2019-06-15,Delhi,Cochin,05:30:00,19:00:00,810,2.0,No Info,13292
Air India,2019-04-09,Delhi,Cochin,08:00:00,19:15:00,675,1.0,No Info,6377
Air India,2019-05-21,Kolkata,Banglore,09:25:00,07:55:00,1350,1.0,No Info,8891
Jet Airways,2019-05-21,Banglore,Delhi,07:10:00,10:10:00,180,0.0,In-flight meal not included,4030
Indigo,2019-05-24,Mumbai,Hyderabad,12:00:00,13:30:00,90,0.0,No Info,4392
Jet Airways,2019-06-09,Kolkata,Banglore,06:30:00,18:15:00,705,1.0,No Info,14571
Jet Airways,2019-06-01,Delhi,Cochin,19:30:00,04:25:00,535,2.0,No Info,13014
Jet Airways,2019-05-21,Kolkata,Banglore,14:05:00,22:35:00,510,1.0,In-flight meal not included,10844
Jet Airways,2019-06-21,Banglore,Delhi,18:55:00,22:00:00,185,0.0,In-flight meal not included,7754
Air Asia,2019-05-21,Kolkata,Banglore,09:45:00,12:15:00,150,0.0,No Info,4409
Jet Airways,2019-05-21,Delhi,Cochin,14:00:00,12:35:00,1355,1.0,In-flight meal not included,12898
Jet Airways,2019-06-03,Banglore,Delhi,08:20:00,11:20:00,180,0.0,In-flight meal not included,5769
Multiple Carriers,2019-03-21,Delhi,Cochin,04:45:00,19:15:00,870,1.0,No Info,6630
Multiple Carriers,2019-06-15,Delhi,Cochin,09:45:00,22:30:00,765,1.0,No Info,9646
Jet Airways,2019-05-01,Kolkata,Banglore,16:30:00,10:05:00,1055,1.0,In-flight meal not included,8586
Multiple Carriers,2019-05-09,Delhi,Cochin,09:00:00,19:00:00,600,1.0,No Info,10197
Jet Airways,2019-05-21,Kolkata,Banglore,06:30:00,10:05:00,1655,1.0,In-flight meal not included,8586
Goair,2019-06-12,Delhi,Cochin,07:00:00,12:55:00,355,1.0,No Info,5281
Air India,2019-05-15,Kolkata,Banglore,16:50:00,13:45:00,1255,2.0,No Info,15532
Jet Airways,2019-05-06,Kolkata,Banglore,06:30:00,18:15:00,705,1.0,No Info,14781
Jet Airways,2019-03-06,Banglore,New Delhi,08:00:00,05:05:00,1265,1.0,No Info,14815
Indigo,2019-05-09,Chennai,Kolkata,19:35:00,21:55:00,140,0.0,No Info,3597
Jet Airways,2019-05-06,Kolkata,Banglore,09:35:00,18:00:00,505,1.0,No Info,13067
Indigo,2019-04-12,Banglore,Delhi,07:10:00,10:05:00,175,0.0,No Info,4823
Air Asia,2019-06-09,Kolkata,Banglore,19:55:00,22:25:00,150,0.0,No Info,4409
Jet Airways,2019-05-27,Banglore,Delhi,15:15:00,18:10:00,175,0.0,No Info,7229
Spicejet,2019-04-24,Delhi,Cochin,15:45:00,22:05:00,380,1.0,No Info,5583
Jet Airways,2019-06-09,Kolkata,Banglore,16:30:00,04:40:00,730,1.0,No Info,13731
Jet Airways,2019-05-01,Kolkata,Banglore,17:00:00,19:10:00,1570,1.0,In-flight meal not included,9314
Indigo,2019-03-03,Banglore,New Delhi,21:20:00,00:15:00,175,0.0,No Info,6144
Multiple Carriers,2019-03-27,Delhi,Cochin,08:55:00,19:15:00,620,1.0,No Info,8371
Jet Airways,2019-06-01,Delhi,Cochin,09:40:00,19:00:00,560,2.0,In-flight meal not included,10368
Jet Airways,2019-05-27,Delhi,Cochin,13:00:00,19:00:00,360,1.0,No Info,16079
Air India,2019-03-09,Banglore,New Delhi,10:30:00,11:20:00,1490,1.0,No Info,10321
Jet Airways,2019-05-06,Mumbai,Hyderabad,19:35:00,21:05:00,90,0.0,In-flight meal not included,2228
Air India,2019-05-24,Kolkata,Banglore,14:35:00,14:35:00,1440,1.0,No Info,6528
Air India,2019-03-27,Delhi,Cochin,19:45:00,19:15:00,1410,2.0,No Info,8656
Jet Airways,2019-05-06,Banglore,Delhi,08:20:00,11:20:00,180,0.0,No Info,7229
Multiple Carriers,2019-06-06,Delhi,Cochin,07:05:00,19:15:00,730,1.0,No Info,14848
Air India,2019-05-24,Delhi,Cochin,22:00:00,19:15:00,1275,2.0,No Info,10441
Indigo,2019-04-27,Banglore,Delhi,18:25:00,21:20:00,175,0.0,No Info,4823
Jet Airways,2019-05-01,Banglore,Delhi,17:45:00,20:45:00,180,0.0,No Info,7229
Indigo,2019-03-06,Kolkata,Banglore,15:10:00,17:45:00,155,0.0,No Info,5618
Spicejet,2019-05-27,Banglore,Delhi,21:10:00,00:05:00,175,0.0,No check-in baggage included,3257
Air India,2019-06-12,Mumbai,Hyderabad,19:30:00,20:45:00,75,0.0,No Info,3100
Multiple Carriers,2019-05-27,Delhi,Cochin,08:00:00,21:00:00,780,1.0,In-flight meal not included,9450
Jet Airways,2019-03-18,Banglore,New Delhi,07:00:00,15:15:00,495,1.0,No Info,12284
Indigo,2019-06-03,Banglore,Delhi,21:15:00,00:15:00,180,0.0,No Info,3943
Jet Airways,2019-06-09,Delhi,Cochin,20:55:00,19:00:00,1325,1.0,In-flight meal not included,10577
Indigo,2019-03-27,Delhi,Cochin,04:45:00,15:30:00,645,1.0,No Info,7048
Jet Airways,2019-05-01,Kolkata,Banglore,09:35:00,22:05:00,750,1.0,No Info,12121
Jet Airways,2019-06-01,Banglore,Delhi,06:00:00,08:45:00,165,0.0,No Info,8016
Jet Airways,2019-03-24,Kolkata,Banglore,13:55:00,09:15:00,1160,1.0,In-flight meal not included,11134
Air India,2019-06-01,Delhi,Cochin,10:00:00,19:15:00,555,1.0,No Info,9929
Jet Airways,2019-05-24,Banglore,Delhi,06:00:00,08:45:00,165,0.0,In-flight meal not included,4030
Jet Airways,2019-04-12,Banglore,Delhi,11:10:00,14:05:00,175,0.0,No Info,7229
Indigo,2019-05-24,Kolkata,Banglore,22:15:00,00:50:00,155,0.0,No Info,4804
Spicejet,2019-06-15,Banglore,Delhi,21:10:00,00:05:00,175,0.0,No Info,3971
Air India,2019-05-15,Kolkata,Banglore,09:10:00,04:40:00,1170,2.0,No Info,6117
Jet Airways,2019-05-24,Kolkata,Banglore,14:05:00,16:20:00,1575,1.0,In-flight meal not included,10844
Goair,2019-03-15,Banglore,New Delhi,11:40:00,14:35:00,175,0.0,No Info,6113
Indigo,2019-05-24,Kolkata,Banglore,04:40:00,07:15:00,155,0.0,No Info,4804
Air Asia,2019-03-27,Delhi,Cochin,07:55:00,13:10:00,315,1.0,No Info,6151
Air India,2019-05-09,Kolkata,Banglore,10:00:00,01:20:00,920,2.0,No Info,13033
Air Asia,2019-06-15,Delhi,Cochin,20:45:00,07:10:00,625,1.0,No Info,6253
Goair,2019-03-03,Banglore,New Delhi,20:55:00,23:50:00,175,0.0,No Info,7222
Air India,2019-04-09,Delhi,Cochin,07:00:00,19:15:00,735,1.0,No Info,6674
Air Asia,2019-05-12,Banglore,Delhi,11:10:00,13:55:00,165,0.0,No Info,3383
Jet Airways,2019-03-18,Banglore,New Delhi,14:05:00,08:15:00,1090,1.0,No Info,12284
Multiple Carriers,2019-06-03,Delhi,Cochin,06:00:00,19:00:00,780,1.0,No Info,13259
Air Asia,2019-06-15,Banglore,Delhi,11:10:00,13:55:00,165,0.0,No Info,3383
Indigo,2019-05-21,Kolkata,Banglore,21:25:00,00:05:00,160,0.0,No Info,4804
Multiple Carriers,2019-05-09,Delhi,Cochin,19:00:00,01:30:00,390,1.0,No Info,9424
Indigo,2019-06-06,Delhi,Cochin,08:35:00,22:30:00,835,1.0,No Info,6442
Air India,2019-03-21,Delhi,Cochin,18:05:00,21:10:00,185,0.0,No Info,5674
Air India,2019-04-01,Kolkata,Banglore,20:30:00,08:55:00,745,1.0,No Info,7893
Jet Airways,2019-03-12,Banglore,New Delhi,22:55:00,18:25:00,1170,1.0,In-flight meal not included,11087
Jet Airways,2019-05-18,Kolkata,Banglore,14:05:00,19:50:00,345,1.0,No Info,14781
Multiple Carriers,2019-05-18,Delhi,Cochin,07:10:00,22:30:00,920,1.0,No Info,7740
Jet Airways,2019-03-12,Banglore,New Delhi,21:25:00,10:45:00,800,1.0,No Info,13817
Multiple Carriers,2019-06-27,Delhi,Cochin,10:00:00,19:15:00,555,1.0,No Info,14848
Jet Airways,2019-05-09,Delhi,Cochin,23:05:00,04:25:00,1760,2.0,No Info,15129
Indigo,2019-03-09,Delhi,Cochin,06:40:00,21:20:00,880,2.0,No Info,8146
Spicejet,2019-03-06,Delhi,Cochin,16:35:00,22:50:00,375,1.0,No Info,7185
Jet Airways,2019-06-27,Banglore,Delhi,15:15:00,18:10:00,175,0.0,No Info,8016
Jet Airways,2019-03-21,Delhi,Cochin,06:20:00,04:25:00,1325,2.0,In-flight meal not included,8273
Jet Airways,2019-05-21,Delhi,Cochin,07:05:00,19:00:00,715,1.0,In-flight meal not included,12239
Jet Airways,2019-06-27,Delhi,Cochin,07:05:00,19:00:00,715,1.0,In-flight meal not included,10262
Jet Airways,2019-05-06,Kolkata,Banglore,20:25:00,09:45:00,800,1.0,In-flight meal not included,8066
Goair,2019-04-01,Banglore,Delhi,20:55:00,23:40:00,165,0.0,No Info,4239
Indigo,2019-06-15,Banglore,Delhi,23:30:00,02:20:00,170,0.0,No Info,4077
Spicejet,2019-03-06,Kolkata,Banglore,22:20:00,00:40:00,140,0.0,No Info,3849
Air Asia,2019-03-01,Banglore,New Delhi,05:50:00,08:40:00,170,0.0,No Info,10715
Air Asia,2019-04-24,Kolkata,Banglore,10:20:00,12:55:00,155,0.0,No Info,4409
Indigo,2019-03-24,Kolkata,Banglore,11:55:00,16:25:00,270,1.0,No Info,9806
Jet Airways,2019-05-21,Delhi,Cochin,23:05:00,19:00:00,1195,2.0,No Info,15129
Air India,2019-03-15,Mumbai,Hyderabad,15:00:00,16:25:00,85,0.0,No Info,2050
Spicejet,2019-06-06,Kolkata,Banglore,15:05:00,20:20:00,315,1.0,No Info,4649
Air India,2019-06-01,Delhi,Cochin,09:45:00,09:25:00,1420,1.0,No Info,8372
Air India,2019-05-12,Kolkata,Banglore,07:00:00,01:20:00,1100,2.0,No Info,13243
Jet Airways,2019-04-01,Kolkata,Banglore,21:10:00,08:15:00,665,1.0,In-flight meal not included,8849
Vistara,2019-06-21,Delhi,Cochin,06:00:00,09:10:00,190,0.0,No Info,6216
Air India,2019-03-06,Mumbai,Hyderabad,05:30:00,14:50:00,560,2.0,No Info,13757
Jet Airways,2019-05-18,Delhi,Cochin,08:00:00,19:00:00,660,1.0,No Info,15554
Jet Airways,2019-06-12,Kolkata,Banglore,20:00:00,12:00:00,960,1.0,In-flight meal not included,8529
Jet Airways,2019-06-09,Banglore,Delhi,07:10:00,10:10:00,180,0.0,In-flight meal not included,7229
Indigo,2019-05-09,Delhi,Cochin,11:25:00,21:00:00,575,1.0,No Info,6979
Multiple Carriers,2019-03-06,Delhi,Cochin,09:55:00,19:15:00,560,1.0,In-flight meal not included,15342
Jet Airways,2019-06-09,Delhi,Cochin,05:30:00,04:25:00,1375,2.0,No Info,13292
Air India,2019-03-18,Banglore,New Delhi,10:30:00,17:45:00,435,2.0,No Info,13261
Multiple Carriers,2019-06-12,Delhi,Cochin,07:10:00,22:30:00,920,1.0,No Info,6513
Multiple Carriers,2019-05-15,Delhi,Cochin,10:00:00,21:00:00,660,1.0,No Info,8073
Vistara,2019-03-06,Mumbai,Hyderabad,08:45:00,19:55:00,670,1.0,No Info,12395
Indigo,2019-06-03,Chennai,Kolkata,22:05:00,00:25:00,140,0.0,No Info,5277
Air India,2019-03-24,Kolkata,Banglore,09:10:00,07:55:00,1365,2.0,No Info,15187
Jet Airways,2019-03-06,Banglore,New Delhi,11:40:00,08:15:00,1235,1.0,No Info,16736
Indigo,2019-06-09,Delhi,Cochin,16:00:00,21:00:00,300,1.0,No Info,6069
Jet Airways,2019-05-12,Kolkata,Banglore,16:30:00,23:35:00,425,1.0,No Info,14781
Indigo,2019-05-24,Banglore,Delhi,23:30:00,02:20:00,170,0.0,No Info,4591
Indigo,2019-03-09,Banglore,New Delhi,04:00:00,06:50:00,170,0.0,No Info,8033
Multiple Carriers,2019-06-15,Delhi,Cochin,10:00:00,01:30:00,930,1.0,No Info,8510
Goair,2019-04-24,Delhi,Cochin,07:00:00,12:55:00,355,1.0,No Info,6195
Jet Airways,2019-05-24,Kolkata,Banglore,20:00:00,08:15:00,735,1.0,In-flight meal not included,8586
Vistara,2019-05-12,Kolkata,Banglore,20:20:00,20:20:00,1440,1.0,No Info,8610
Air India,2019-05-21,Kolkata,Banglore,14:15:00,16:45:00,150,0.0,No Info,5510
Multiple Carriers,2019-06-09,Delhi,Cochin,10:00:00,01:30:00,930,1.0,No Info,13377
Spicejet,2019-03-21,Kolkata,Banglore,06:55:00,09:35:00,160,0.0,No Info,4148
Vistara,2019-05-01,Banglore,Delhi,09:45:00,12:35:00,170,0.0,No Info,4668
Jet Airways,2019-05-12,Kolkata,Banglore,21:10:00,16:20:00,1150,1.0,In-flight meal not included,10844
Jet Airways,2019-06-09,Mumbai,Hyderabad,19:35:00,21:05:00,90,0.0,No Info,5678
Multiple Carriers,2019-05-21,Delhi,Cochin,07:30:00,19:00:00,690,1.0,No Info,9315
Vistara,2019-05-09,Kolkata,Banglore,20:20:00,10:45:00,865,1.0,No Info,8452
Vistara,2019-06-01,Banglore,Delhi,19:30:00,22:15:00,165,0.0,No Info,4878
Multiple Carriers,2019-06-06,Delhi,Cochin,17:45:00,01:30:00,465,1.0,No Info,6795
Jet Airways,2019-05-06,Kolkata,Banglore,09:35:00,23:35:00,840,1.0,No Info,12121
Multiple Carriers,2019-06-06,Delhi,Cochin,08:45:00,19:00:00,615,1.0,No Info,12524
Indigo,2019-06-03,Banglore,Delhi,18:55:00,21:50:00,175,0.0,No Info,4823
Vistara,2019-06-15,Chennai,Kolkata,17:45:00,20:05:00,140,0.0,No Info,11982
Air Asia,2019-06-15,Banglore,Delhi,04:55:00,07:45:00,170,0.0,No Info,4282
Indigo,2019-06-06,Delhi,Cochin,08:30:00,21:00:00,750,1.0,No Info,6416
Jet Airways,2019-06-12,Kolkata,Banglore,16:30:00,10:05:00,1055,1.0,In-flight meal not included,8529
Jet Airways,2019-05-06,Delhi,Cochin,09:40:00,12:35:00,1615,2.0,No Info,15129
Spicejet,2019-03-27,Mumbai,Hyderabad,05:45:00,07:05:00,80,0.0,No Info,1759
Air India,2019-05-01,Kolkata,Banglore,20:30:00,13:45:00,1035,2.0,No Info,15164
Air India,2019-05-18,Delhi,Cochin,21:00:00,07:40:00,640,1.0,No Info,8372
Jet Airways,2019-06-27,Delhi,Cochin,07:05:00,12:35:00,330,1.0,No Info,14714
Multiple Carriers,2019-03-03,Delhi,Cochin,13:00:00,21:00:00,480,1.0,No Info,18286
Indigo,2019-03-21,Delhi,Cochin,16:10:00,22:20:00,370,1.0,No Info,6528
Air India,2019-05-21,Delhi,Cochin,13:00:00,19:15:00,375,1.0,No Info,8372
Spicejet,2019-03-27,Chennai,Kolkata,08:20:00,10:35:00,135,0.0,No check-in baggage included,3332
Multiple Carriers,2019-03-06,Delhi,Cochin,06:00:00,19:15:00,795,1.0,No Info,15353
Indigo,2019-03-03,Kolkata,Banglore,05:30:00,08:20:00,170,0.0,No Info,4778
Indigo,2019-06-06,Chennai,Kolkata,13:15:00,15:35:00,140,0.0,No Info,3597
Vistara,2019-03-06,Mumbai,Hyderabad,11:55:00,22:55:00,660,1.0,No Info,12395
Indigo,2019-04-21,Delhi,Cochin,05:10:00,10:05:00,295,1.0,No Info,7074
Indigo,2019-06-27,Delhi,Cochin,10:35:00,21:00:00,625,1.0,No Info,5894
Air India,2019-06-27,Delhi,Cochin,18:05:00,21:10:00,185,0.0,No Info,5201
Multiple Carriers,2019-03-06,Delhi,Cochin,08:55:00,21:00:00,725,1.0,No Info,15147
Spicejet,2019-06-09,Chennai,Kolkata,17:45:00,20:05:00,140,0.0,No check-in baggage included,3543
Air India,2019-06-24,Delhi,Cochin,20:15:00,19:15:00,1380,2.0,No Info,13381
Jet Airways,2019-03-18,Banglore,New Delhi,11:40:00,20:20:00,520,1.0,No Info,13555
Multiple Carriers,2019-03-06,Delhi,Cochin,16:00:00,01:35:00,575,1.0,In-flight meal not included,15136
Vistara,2019-06-27,Banglore,Delhi,09:45:00,12:35:00,170,0.0,No Info,4668
Multiple Carriers,2019-06-09,Delhi,Cochin,08:00:00,21:00:00,780,1.0,No Info,7408
Air India,2019-05-12,Kolkata,Banglore,19:00:00,11:05:00,965,1.0,No Info,6327
Air India,2019-05-21,Kolkata,Banglore,09:25:00,21:50:00,745,1.0,No Info,8366
Indigo,2019-05-18,Delhi,Cochin,08:35:00,22:30:00,835,1.0,No Info,7144
Jet Airways,2019-05-21,Delhi,Cochin,09:40:00,04:25:00,1125,2.0,In-flight meal not included,13029
Air India,2019-05-27,Mumbai,Hyderabad,21:05:00,22:25:00,80,0.0,No Info,3100
Multiple Carriers,2019-05-15,Delhi,Cochin,06:40:00,19:15:00,755,1.0,No Info,7787
Jet Airways,2019-05-12,Kolkata,Banglore,18:55:00,04:40:00,585,1.0,No Info,14388
Jet Airways,2019-03-24,Kolkata,Banglore,13:55:00,10:05:00,1210,1.0,No Info,14231
Jet Airways,2019-05-24,Mumbai,Hyderabad,07:05:00,08:30:00,85,0.0,In-flight meal not included,4995
Jet Airways,2019-06-18,Mumbai,Hyderabad,07:05:00,08:30:00,85,0.0,In-flight meal not included,4995
Air India,2019-06-15,Delhi,Cochin,06:05:00,09:25:00,1640,1.0,No Info,7480
Indigo,2019-06-15,Banglore,Delhi,06:05:00,08:50:00,165,0.0,No Info,4423
Jet Airways,2019-05-15,Kolkata,Banglore,14:05:00,22:35:00,510,1.0,No Info,14781
Jet Airways,2019-06-09,Kolkata,Banglore,08:25:00,20:45:00,740,1.0,No Info,14571
Multiple Carriers,2019-05-15,Delhi,Cochin,13:00:00,21:00:00,480,1.0,No Info,13727
Spicejet,2019-04-15,Delhi,Cochin,08:45:00,13:15:00,270,1.0,No Info,5830
Jet Airways,2019-06-24,Banglore,Delhi,15:15:00,18:10:00,175,0.0,In-flight meal not included,5769
Vistara,2019-04-06,Banglore,Delhi,19:30:00,22:15:00,165,0.0,No Info,5613
Air India,2019-05-12,Kolkata,Banglore,09:25:00,11:10:00,1545,1.0,No Info,8891
Jet Airways,2019-05-24,Kolkata,Banglore,18:55:00,04:40:00,585,1.0,In-flight meal not included,8586
Jet Airways,2019-03-06,Banglore,New Delhi,08:00:00,13:15:00,315,1.0,No Info,19225
Multiple Carriers,2019-03-27,Delhi,Cochin,08:25:00,19:15:00,650,1.0,No Info,8601
Jet Airways,2019-03-21,Delhi,Cochin,10:45:00,04:25:00,1060,2.0,No Info,11093
Indigo,2019-06-15,Kolkata,Banglore,15:15:00,17:45:00,150,0.0,No Info,4804
Jet Airways,2019-03-18,Banglore,New Delhi,11:40:00,09:30:00,1310,1.0,In-flight meal not included,11087
Indigo,2019-03-03,Delhi,Cochin,18:35:00,01:35:00,420,1.0,No Info,14871
Air India,2019-05-09,Delhi,Cochin,06:10:00,23:00:00,1010,1.0,No Info,7174
Air India,2019-06-12,Kolkata,Banglore,20:45:00,23:20:00,155,0.0,No Info,4145
Air India,2019-03-21,Banglore,New Delhi,11:50:00,23:55:00,725,1.0,No Info,5092
Indigo,2019-03-01,Banglore,New Delhi,16:50:00,21:35:00,285,1.0,No Info,13302
Spicejet,2019-05-15,Chennai,Kolkata,08:20:00,10:35:00,135,0.0,No Info,3597
Jet Airways,2019-05-18,Kolkata,Banglore,17:00:00,23:35:00,395,1.0,No Info,14151
Air India,2019-05-09,Kolkata,Banglore,12:00:00,13:15:00,1515,1.0,No Info,6612
Air India,2019-03-27,Kolkata,Banglore,14:15:00,16:45:00,150,0.0,No Info,5170
Jet Airways,2019-06-24,Mumbai,Hyderabad,02:55:00,04:20:00,85,0.0,No Info,5678
Vistara,2019-05-15,Kolkata,Banglore,07:10:00,22:40:00,930,1.0,No Info,8452
Jet Airways,2019-06-06,Delhi,Cochin,13:00:00,19:00:00,360,1.0,No Info,14714
Jet Airways,2019-03-15,Banglore,New Delhi,05:45:00,18:25:00,760,1.0,In-flight meal not included,9134
Multiple Carriers,2019-05-21,Delhi,Cochin,12:50:00,19:15:00,385,1.0,No Info,8266
Spicejet,2019-06-12,Banglore,Delhi,09:30:00,12:20:00,170,0.0,No Info,4423
Jet Airways,2019-04-09,Banglore,Delhi,06:00:00,08:45:00,165,0.0,No Info,7229
Goair,2019-04-21,Delhi,Cochin,10:35:00,19:35:00,540,1.0,No Info,7031
Multiple Carriers,2019-06-06,Delhi,Cochin,09:15:00,19:00:00,585,1.0,No Info,11622
Indigo,2019-03-27,Mumbai,Hyderabad,09:10:00,10:40:00,90,0.0,No Info,4392
Spicejet,2019-06-03,Mumbai,Hyderabad,13:15:00,14:45:00,90,0.0,No check-in baggage included,1965
Jet Airways,2019-04-21,Banglore,Delhi,15:15:00,18:10:00,175,0.0,No Info,7229
Jet Airways,2019-06-18,Banglore,Delhi,08:20:00,11:20:00,180,0.0,In-flight meal not included,5769
Multiple Carriers,2019-03-21,Delhi,Cochin,06:00:00,12:35:00,395,1.0,No Info,13369
Jet Airways,2019-05-24,Kolkata,Banglore,18:55:00,10:05:00,910,1.0,No Info,13731
Jet Airways,2019-06-03,Delhi,Cochin,05:30:00,19:00:00,810,2.0,In-flight meal not included,10368
Jet Airways,2019-03-06,Banglore,New Delhi,16:55:00,10:25:00,1050,1.0,No Info,17261
Indigo,2019-06-09,Kolkata,Banglore,20:20:00,22:55:00,155,0.0,No Info,4804
Jet Airways,2019-05-21,Delhi,Cochin,05:30:00,12:35:00,425,2.0,In-flight meal not included,15544
Indigo,2019-05-18,Delhi,Cochin,20:25:00,01:30:00,305,1.0,No Info,6069
Indigo,2019-05-03,Chennai,Kolkata,14:45:00,17:05:00,140,0.0,No Info,3858
Air India,2019-06-24,Delhi,Cochin,12:00:00,19:15:00,435,2.0,No Info,9548
Air India,2019-06-01,Delhi,Cochin,08:00:00,19:15:00,675,1.0,No Info,9929
Air India,2019-05-21,Kolkata,Banglore,16:50:00,13:45:00,1255,2.0,No Info,13484
Jet Airways,2019-03-21,Banglore,New Delhi,11:40:00,23:00:00,680,1.0,In-flight meal not included,6992
Jet Airways,2019-03-03,Delhi,Cochin,02:15:00,18:50:00,995,1.0,No Info,17024
Jet Airways,2019-05-12,Kolkata,Banglore,06:30:00,16:20:00,590,1.0,In-flight meal not included,10844
Jet Airways,2019-03-27,Delhi,Cochin,16:00:00,19:45:00,1665,1.0,In-flight meal not included,5963
Jet Airways,2019-05-01,Mumbai,Hyderabad,19:35:00,21:05:00,90,0.0,No Info,5678
Indigo,2019-03-06,Kolkata,Banglore,22:10:00,00:55:00,165,0.0,No Info,4778
Air India,2019-06-06,Kolkata,Banglore,12:00:00,18:30:00,1830,2.0,No Info,9626
Jet Airways,2019-06-15,Banglore,Delhi,11:10:00,14:05:00,175,0.0,No Info,8016
Jet Airways,2019-06-27,Mumbai,Hyderabad,07:05:00,08:30:00,85,0.0,In-flight meal not included,4995
Jet Airways,2019-06-12,Kolkata,Banglore,16:30:00,23:35:00,425,1.0,In-flight meal not included,9899
Jet Airways,2019-03-27,Delhi,Cochin,17:35:00,19:45:00,1570,2.0,In-flight meal not included,8098
Vistara,2019-05-09,Banglore,Delhi,09:45:00,12:35:00,170,0.0,No Info,4668
Multiple Carriers,2019-03-27,Delhi,Cochin,08:55:00,21:00:00,725,1.0,No Info,8055
Jet Airways,2019-05-12,Kolkata,Banglore,21:10:00,10:05:00,775,1.0,In-flight meal not included,8586
Jet Airways,2019-06-01,Delhi,Cochin,21:25:00,19:00:00,1295,2.0,No Info,13292
Jet Airways,2019-05-21,Delhi,Cochin,16:00:00,19:00:00,1620,1.0,No Info,16079
Air India,2019-05-01,Kolkata,Banglore,09:25:00,18:30:00,545,1.0,No Info,8891
Spicejet,2019-04-15,Kolkata,Banglore,06:55:00,09:30:00,155,0.0,No Info,3873
Air India,2019-06-24,Delhi,Cochin,12:00:00,07:40:00,1180,2.0,No Info,9548
Indigo,2019-03-15,Banglore,New Delhi,23:30:00,02:20:00,170,0.0,No Info,8033
Jet Airways,2019-06-12,Delhi,Cochin,16:00:00,12:35:00,1235,1.0,In-flight meal not included,10262
Indigo,2019-03-01,Kolkata,Banglore,21:25:00,00:05:00,160,0.0,No Info,4778
Jet Airways,2019-06-27,Delhi,Cochin,05:30:00,12:35:00,425,2.0,In-flight meal not included,13344
Air India,2019-05-15,Kolkata,Banglore,09:25:00,21:50:00,745,1.0,No Info,8366
Jet Airways,2019-05-24,Kolkata,Banglore,16:30:00,04:40:00,730,1.0,In-flight meal not included,10844
Indigo,2019-06-03,Delhi,Cochin,02:00:00,07:25:00,325,1.0,No Info,5636
Jet Airways,2019-05-06,Kolkata,Banglore,18:55:00,08:15:00,800,1.0,No Info,13584
Jet Airways,2019-04-01,Kolkata,Banglore,06:30:00,16:20:00,590,1.0,No Info,12996
Multiple Carriers,2019-06-24,Delhi,Cochin,13:15:00,22:30:00,555,1.0,No Info,8018
Jet Airways,2019-06-18,Banglore,Delhi,15:50:00,18:45:00,175,0.0,No Info,8016
Jet Airways,2019-05-18,Mumbai,Hyderabad,02:55:00,04:20:00,85,0.0,No Info,5678
Multiple Carriers,2019-03-21,Delhi,Cochin,11:30:00,19:15:00,465,1.0,No Info,13378
Air Asia,2019-06-06,Delhi,Cochin,16:45:00,22:25:00,340,1.0,No Info,11410
Air India,2019-06-27,Mumbai,Hyderabad,13:55:00,15:25:00,90,0.0,No Info,3100
Jet Airways,2019-05-24,Kolkata,Banglore,14:05:00,22:35:00,510,1.0,In-flight meal not included,10844
Jet Airways,2019-06-24,Delhi,Cochin,20:55:00,12:35:00,940,1.0,In-flight meal not included,10262
Vistara,2019-06-09,Banglore,Delhi,19:30:00,22:15:00,165,0.0,No Info,4878
Air India,2019-03-24,Kolkata,Banglore,16:45:00,23:15:00,1830,2.0,No Info,12835
Jet Airways,2019-05-27,Delhi,Cochin,19:10:00,12:35:00,1045,2.0,No Info,15129
Indigo,2019-03-18,Delhi,Cochin,21:05:00,00:20:00,195,0.0,No Info,5021
Indigo,2019-05-18,Kolkata,Banglore,11:30:00,14:05:00,155,0.0,No Info,4804
Jet Airways,2019-05-01,Kolkata,Banglore,08:25:00,09:20:00,1495,1.0,No Info,14388
Jet Airways,2019-06-24,Delhi,Cochin,19:45:00,04:25:00,520,1.0,In-flight meal not included,10262
Multiple Carriers,2019-03-03,Delhi,Cochin,07:05:00,21:00:00,835,1.0,No Info,17057
Spicejet,2019-03-09,Chennai,Kolkata,17:45:00,20:05:00,140,0.0,No Info,6300
Spicejet,2019-04-18,Kolkata,Banglore,09:00:00,11:25:00,145,0.0,No check-in baggage included,3841
